Unnamed: 0,date,lat,lon,temperture,predicted_temp,MAE,RMSE,RÂ²
0,2019-06-01,34.104999999999166,-118.20572893322354,60.99458333333333,60.92211055322265,1.123495597453931,1.4711176945396578,0.9173787972482823
1,2019-06-01,34.13499999999917,-117.95572893322354,62.145,61.14424264235336,1.123495597453931,1.4711176945396578,0.9173787972482823
2,2019-06-01,34.11499999999916,-118.10572893322356,61.51875,61.01154936080572,1.123495597453931,1.4711176945396578,0.9173787972482823
3,2019-06-01,34.15499999999916,-118.04572893322354,60.74,61.05525112253216,1.123495597453931,1.4711176945396578,0.9173787972482823
4,2019-06-01,34.20499999999917,-118.23572893322354,58.67625,60.86510135651207,1.123495597453931,1.4711176945396578,0.9173787972482823
5,2019-06-01,34.174999999999166,-118.18572893322354,58.45875,60.92007526909241,1.123495597453931,1.4711176945396578,0.9173787972482823
6,2019-06-01,33.95499999999917,-118.22572893322354,62.44375,60.94758471458447,1.123495597453931,1.4711176945396578,0.9173787972482823
7,2019-06-01,34.004999999999164,-118.47572893322354,60.96125,60.70201374822216,1.123495597453931,1.4711176945396578,0.9173787972482823
8,2019-06-01,34.26499999999916,-118.31572893322354,59.24458333333333,60.77362726479875,1.123495597453931,1.4711176945396578,0.9173787972482823
9,2019-06-01,34.12499999999916,-118.25572893322354,61.605,60.87006650029625,1.123495597453931,1.4711176945396578,0.9173787972482823
10,2019-06-02,34.104999999999166,-118.20572893322354,61.45583333333334,61.4592852107569,1.123495597453931,1.4711176945396578,0.9173787972482823
11,2019-06-02,34.13499999999917,-117.95572893322354,62.13916666666666,61.68141729988761,1.123495597453931,1.4711176945396578,0.9173787972482823
12,2019-06-02,34.11499999999916,-118.10572893322356,61.81125,61.54872401833997,1.123495597453931,1.4711176945396578,0.9173787972482823
13,2019-06-02,34.15499999999916,-118.04572893322354,61.01458333333333,61.59242578006639,1.123495597453931,1.4711176945396578,0.9173787972482823
14,2019-06-02,34.20499999999917,-118.23572893322354,59.47583333333333,61.40227601404632,1.123495597453931,1.4711176945396578,0.9173787972482823
15,2019-06-02,34.174999999999166,-118.18572893322354,59.04916666666667,61.45724992662666,1.123495597453931,1.4711176945396578,0.9173787972482823
16,2019-06-02,33.95499999999917,-118.22572893322354,62.528333333333336,61.4847593721187,1.123495597453931,1.4711176945396578,0.9173787972482823
17,2019-06-02,34.004999999999164,-118.47572893322354,62.145833333333336,61.23918840575641,1.123495597453931,1.4711176945396578,0.9173787972482823
18,2019-06-02,34.26499999999916,-118.31572893322354,60.56166666666667,61.310801922333,1.123495597453931,1.4711176945396578,0.9173787972482823
19,2019-06-02,34.12499999999916,-118.25572893322354,62.28333333333333,61.4072411578305,1.123495597453931,1.4711176945396578,0.9173787972482823
20,2019-06-03,34.104999999999166,-118.20572893322354,62.814166666666665,62.72732459431855,1.123495597453931,1.4711176945396578,0.9173787972482823
21,2019-06-03,34.13499999999917,-117.95572893322354,63.33083333333334,62.94945668344927,1.123495597453931,1.4711176945396578,0.9173787972482823
22,2019-06-03,34.11499999999916,-118.10572893322356,63.14416666666667,62.81676340190161,1.123495597453931,1.4711176945396578,0.9173787972482823
23,2019-06-03,34.15499999999916,-118.04572893322354,62.27875,62.86046516362805,1.123495597453931,1.4711176945396578,0.9173787972482823
24,2019-06-03,34.20499999999917,-118.23572893322354,61.24208333333333,62.670315397607965,1.123495597453931,1.4711176945396578,0.9173787972482823
25,2019-06-03,34.174999999999166,-118.18572893322354,60.72541666666667,62.7252893101883,1.123495597453931,1.4711176945396578,0.9173787972482823
26,2019-06-03,33.95499999999917,-118.22572893322354,63.63958333333333,62.75279875568036,1.123495597453931,1.4711176945396578,0.9173787972482823
27,2019-06-03,34.004999999999164,-118.47572893322354,62.6,62.50722778931805,1.123495597453931,1.4711176945396578,0.9173787972482823
28,2019-06-03,34.26499999999916,-118.31572893322354,62.24666666666667,62.57884130589464,1.123495597453931,1.4711176945396578,0.9173787972482823
29,2019-06-03,34.12499999999916,-118.25572893322354,63.709583333333335,62.67528054139214,1.123495597453931,1.4711176945396578,0.9173787972482823
30,2019-06-04,34.104999999999166,-118.20572893322354,64.26125,63.79443361258339,1.123495597453931,1.4711176945396578,0.9173787972482823
31,2019-06-04,34.13499999999917,-117.95572893322354,65.07916666666667,64.0165657017141,1.123495597453931,1.4711176945396578,0.9173787972482823
32,2019-06-04,34.11499999999916,-118.10572893322356,64.56791666666666,63.883872420166455,1.123495597453931,1.4711176945396578,0.9173787972482823
33,2019-06-04,34.15499999999916,-118.04572893322354,64.1875,63.92757418189288,1.123495597453931,1.4711176945396578,0.9173787972482823
34,2019-06-04,34.20499999999917,-118.23572893322354,63.90958333333333,63.7374244158728,1.123495597453931,1.4711176945396578,0.9173787972482823
35,2019-06-04,34.174999999999166,-118.18572893322354,62.995000000000005,63.792398328453146,1.123495597453931,1.4711176945396578,0.9173787972482823
36,2019-06-04,33.95499999999917,-118.22572893322354,63.9675,63.81990777394519,1.123495597453931,1.4711176945396578,0.9173787972482823
37,2019-06-04,34.004999999999164,-118.47572893322354,62.779583333333335,63.574336807582895,1.123495597453931,1.4711176945396578,0.9173787972482823
38,2019-06-04,34.26499999999916,-118.31572893322354,64.23208333333334,63.645950324159486,1.123495597453931,1.4711176945396578,0.9173787972482823
39,2019-06-04,34.12499999999916,-118.25572893322354,65.35083333333334,63.74238955965697,1.123495597453931,1.4711176945396578,0.9173787972482823
40,2019-06-05,34.104999999999166,-118.20572893322354,67.05458333333333,66.14974468564274,1.123495597453931,1.4711176945396578,0.9173787972482823
41,2019-06-05,34.13499999999917,-117.95572893322354,67.8075,66.37187677477347,1.123495597453931,1.4711176945396578,0.9173787972482823
42,2019-06-05,34.11499999999916,-118.10572893322356,67.575,66.23918349322581,1.123495597453931,1.4711176945396578,0.9173787972482823
43,2019-06-05,34.15499999999916,-118.04572893322354,67.09583333333333,66.28288525495225,1.123495597453931,1.4711176945396578,0.9173787972482823
44,2019-06-05,34.20499999999917,-118.23572893322354,67.19791666666667,66.09273548893216,1.123495597453931,1.4711176945396578,0.9173787972482823
45,2019-06-05,34.174999999999166,-118.18572893322354,66.05458333333333,66.1477094015125,1.123495597453931,1.4711176945396578,0.9173787972482823
46,2019-06-05,33.95499999999917,-118.22572893322354,65.74125,66.17521884700456,1.123495597453931,1.4711176945396578,0.9173787972482823
47,2019-06-05,34.004999999999164,-118.47572893322354,64.36416666666666,65.92964788064225,1.123495597453931,1.4711176945396578,0.9173787972482823
48,2019-06-05,34.26499999999916,-118.31572893322354,67.56291666666667,66.00126139721884,1.123495597453931,1.4711176945396578,0.9173787972482823
49,2019-06-05,34.12499999999916,-118.25572893322354,68.1425,66.09770063271634,1.123495597453931,1.4711176945396578,0.9173787972482823
50,2019-06-06,34.104999999999166,-118.20572893322354,67.59958333333334,66.69866591851947,1.123495597453931,1.4711176945396578,0.9173787972482823
51,2019-06-06,34.13499999999917,-117.95572893322354,68.69500000000001,66.92079800765018,1.123495597453931,1.4711176945396578,0.9173787972482823
52,2019-06-06,34.11499999999916,-118.10572893322356,68.33125,66.78810472610253,1.123495597453931,1.4711176945396578,0.9173787972482823
53,2019-06-06,34.15499999999916,-118.04572893322354,67.8975,66.83180648782896,1.123495597453931,1.4711176945396578,0.9173787972482823
54,2019-06-06,34.20499999999917,-118.23572893322354,67.51583333333333,66.64165672180889,1.123495597453931,1.4711176945396578,0.9173787972482823
55,2019-06-06,34.174999999999166,-118.18572893322354,66.63666666666667,66.69663063438922,1.123495597453931,1.4711176945396578,0.9173787972482823
56,2019-06-06,33.95499999999917,-118.22572893322354,66.57291666666667,66.72414007988127,1.123495597453931,1.4711176945396578,0.9173787972482823
57,2019-06-06,34.004999999999164,-118.47572893322354,64.67166666666667,66.47856911351897,1.123495597453931,1.4711176945396578,0.9173787972482823
58,2019-06-06,34.26499999999916,-118.31572893322354,68.07916666666667,66.55018263009556,1.123495597453931,1.4711176945396578,0.9173787972482823
59,2019-06-06,34.12499999999916,-118.25572893322354,68.61333333333333,66.64662186559306,1.123495597453931,1.4711176945396578,0.9173787972482823
60,2019-06-07,34.104999999999166,-118.20572893322354,65.77208333333333,65.1120506217158,1.123495597453931,1.4711176945396578,0.9173787972482823
61,2019-06-07,34.13499999999917,-117.95572893322354,66.71458333333334,65.33418271084652,1.123495597453931,1.4711176945396578,0.9173787972482823
62,2019-06-07,34.11499999999916,-118.10572893322356,66.48166666666667,65.20148942929886,1.123495597453931,1.4711176945396578,0.9173787972482823
63,2019-06-07,34.15499999999916,-118.04572893322354,65.75625000000001,65.2451911910253,1.123495597453931,1.4711176945396578,0.9173787972482823
64,2019-06-07,34.20499999999917,-118.23572893322354,64.94791666666667,65.05504142500521,1.123495597453931,1.4711176945396578,0.9173787972482823
65,2019-06-07,34.174999999999166,-118.18572893322354,64.33708333333333,65.11001533758557,1.123495597453931,1.4711176945396578,0.9173787972482823
66,2019-06-07,33.95499999999917,-118.22572893322354,65.56791666666668,65.13752478307761,1.123495597453931,1.4711176945396578,0.9173787972482823
67,2019-06-07,34.004999999999164,-118.47572893322354,64.20583333333333,64.89195381671531,1.123495597453931,1.4711176945396578,0.9173787972482823
68,2019-06-07,34.26499999999916,-118.31572893322354,65.63666666666667,64.9635673332919,1.123495597453931,1.4711176945396578,0.9173787972482823
69,2019-06-07,34.12499999999916,-118.25572893322354,66.63458333333334,65.06000656878939,1.123495597453931,1.4711176945396578,0.9173787972482823
70,2019-06-08,34.104999999999166,-118.20572893322354,67.70916666666666,67.06505005093955,1.123495597453931,1.4711176945396578,0.9173787972482823
71,2019-06-08,34.13499999999917,-117.95572893322354,68.42958333333333,67.28718214007027,1.123495597453931,1.4711176945396578,0.9173787972482823
72,2019-06-08,34.11499999999916,-118.10572893322356,68.33666666666666,67.15448885852261,1.123495597453931,1.4711176945396578,0.9173787972482823
73,2019-06-08,34.15499999999916,-118.04572893322354,67.72166666666666,67.19819062024905,1.123495597453931,1.4711176945396578,0.9173787972482823
74,2019-06-08,34.20499999999917,-118.23572893322354,67.07166666666667,67.00804085422897,1.123495597453931,1.4711176945396578,0.9173787972482823
75,2019-06-08,34.174999999999166,-118.18572893322354,66.36083333333333,67.0630147668093,1.123495597453931,1.4711176945396578,0.9173787972482823
76,2019-06-08,33.95499999999917,-118.22572893322354,67.26791666666666,67.09052421230136,1.123495597453931,1.4711176945396578,0.9173787972482823
77,2019-06-08,34.004999999999164,-118.47572893322354,65.89708333333333,66.84495324593905,1.123495597453931,1.4711176945396578,0.9173787972482823
78,2019-06-08,34.26499999999916,-118.31572893322354,67.37208333333334,66.91656676251564,1.123495597453931,1.4711176945396578,0.9173787972482823
79,2019-06-08,34.12499999999916,-118.25572893322354,68.71416666666667,67.01300599801314,1.123495597453931,1.4711176945396578,0.9173787972482823
80,2019-06-09,34.104999999999166,-118.20572893322354,73.58541666666666,72.6807092975149,1.123495597453931,1.4711176945396578,0.9173787972482823
81,2019-06-09,34.13499999999917,-117.95572893322354,73.94791666666667,72.9028413866456,1.123495597453931,1.4711176945396578,0.9173787972482823
82,2019-06-09,34.11499999999916,-118.10572893322356,73.92833333333333,72.77014810509796,1.123495597453931,1.4711176945396578,0.9173787972482823
83,2019-06-09,34.15499999999916,-118.04572893322354,73.4075,72.81384986682438,1.123495597453931,1.4711176945396578,0.9173787972482823
84,2019-06-09,34.20499999999917,-118.23572893322354,75.71541666666667,72.6237001008043,1.123495597453931,1.4711176945396578,0.9173787972482823
85,2019-06-09,34.174999999999166,-118.18572893322354,74.08333333333333,72.67867401338465,1.123495597453931,1.4711176945396578,0.9173787972482823
86,2019-06-09,33.95499999999917,-118.22572893322354,71.30791666666666,72.7061834588767,1.123495597453931,1.4711176945396578,0.9173787972482823
87,2019-06-09,34.004999999999164,-118.47572893322354,69.32083333333334,72.4606124925144,1.123495597453931,1.4711176945396578,0.9173787972482823
88,2019-06-09,34.26499999999916,-118.31572893322354,76.10166666666667,72.53222600909099,1.123495597453931,1.4711176945396578,0.9173787972482823
89,2019-06-09,34.12499999999916,-118.25572893322354,75.40916666666668,72.62866524458848,1.123495597453931,1.4711176945396578,0.9173787972482823
90,2019-06-10,34.104999999999166,-118.20572893322354,80.01125,78.87749297331398,1.123495597453931,1.4711176945396578,0.9173787972482823
91,2019-06-10,34.13499999999917,-117.95572893322354,80.63583333333334,79.0996250624447,1.123495597453931,1.4711176945396578,0.9173787972482823
92,2019-06-10,34.11499999999916,-118.10572893322356,80.45916666666666,78.96693178089704,1.123495597453931,1.4711176945396578,0.9173787972482823
93,2019-06-10,34.15499999999916,-118.04572893322354,80.35041666666667,79.01063354262348,1.123495597453931,1.4711176945396578,0.9173787972482823
94,2019-06-10,34.20499999999917,-118.23572893322354,83.51125,78.8204837766034,1.123495597453931,1.4711176945396578,0.9173787972482823
95,2019-06-10,34.174999999999166,-118.18572893322354,81.67958333333333,78.87545768918375,1.123495597453931,1.4711176945396578,0.9173787972482823
96,2019-06-10,33.95499999999917,-118.22572893322354,76.95708333333333,78.90296713467579,1.123495597453931,1.4711176945396578,0.9173787972482823
97,2019-06-10,34.004999999999164,-118.47572893322354,75.28541666666666,78.6573961683135,1.123495597453931,1.4711176945396578,0.9173787972482823
98,2019-06-10,34.26499999999916,-118.31572893322354,83.22666666666667,78.72900968489009,1.123495597453931,1.4711176945396578,0.9173787972482823
99,2019-06-10,34.12499999999916,-118.25572893322354,81.94583333333334,78.82544892038757,1.123495597453931,1.4711176945396578,0.9173787972482823
100,2019-06-11,34.104999999999166,-118.20572893322354,81.03166666666667,79.67869731121353,1.123495597453931,1.4711176945396578,0.9173787972482823
101,2019-06-11,34.13499999999917,-117.95572893322354,81.27125,79.90082940034425,1.123495597453931,1.4711176945396578,0.9173787972482823
102,2019-06-11,34.11499999999916,-118.10572893322356,81.39708333333333,79.76813611879659,1.123495597453931,1.4711176945396578,0.9173787972482823
103,2019-06-11,34.15499999999916,-118.04572893322354,81.59458333333333,79.81183788052303,1.123495597453931,1.4711176945396578,0.9173787972482823
104,2019-06-11,34.20499999999917,-118.23572893322354,85.54166666666667,79.62168811450294,1.123495597453931,1.4711176945396578,0.9173787972482823
105,2019-06-11,34.174999999999166,-118.18572893322354,83.41625,79.6766620270833,1.123495597453931,1.4711176945396578,0.9173787972482823
106,2019-06-11,33.95499999999917,-118.22572893322354,77.14833333333333,79.70417147257534,1.123495597453931,1.4711176945396578,0.9173787972482823
107,2019-06-11,34.004999999999164,-118.47572893322354,74.88458333333334,79.45860050621303,1.123495597453931,1.4711176945396578,0.9173787972482823
108,2019-06-11,34.26499999999916,-118.31572893322354,85.67125,79.53021402278964,1.123495597453931,1.4711176945396578,0.9173787972482823
109,2019-06-11,34.12499999999916,-118.25572893322354,83.18375,79.62665325828712,1.123495597453931,1.4711176945396578,0.9173787972482823
110,2019-06-12,34.104999999999166,-118.20572893322354,75.42958333333333,74.23705062171581,1.123495597453931,1.4711176945396578,0.9173787972482823
111,2019-06-12,34.13499999999917,-117.95572893322354,75.75291666666666,74.45918271084653,1.123495597453931,1.4711176945396578,0.9173787972482823
112,2019-06-12,34.11499999999916,-118.10572893322356,75.75125,74.32648942929887,1.123495597453931,1.4711176945396578,0.9173787972482823
113,2019-06-12,34.15499999999916,-118.04572893322354,75.44708333333334,74.37019119102531,1.123495597453931,1.4711176945396578,0.9173787972482823
114,2019-06-12,34.20499999999917,-118.23572893322354,77.73791666666666,74.18004142500523,1.123495597453931,1.4711176945396578,0.9173787972482823
115,2019-06-12,34.174999999999166,-118.18572893322354,75.83583333333333,74.23501533758558,1.123495597453931,1.4711176945396578,0.9173787972482823
116,2019-06-12,33.95499999999917,-118.22572893322354,72.68958333333333,74.26252478307762,1.123495597453931,1.4711176945396578,0.9173787972482823
117,2019-06-12,34.004999999999164,-118.47572893322354,70.85083333333334,74.01695381671533,1.123495597453931,1.4711176945396578,0.9173787972482823
118,2019-06-12,34.26499999999916,-118.31572893322354,78.6425,74.08856733329192,1.123495597453931,1.4711176945396578,0.9173787972482823
119,2019-06-12,34.12499999999916,-118.25572893322354,77.095,74.1850065687894,1.123495597453931,1.4711176945396578,0.9173787972482823
120,2019-06-13,34.104999999999166,-118.20572893322354,67.72125,66.87878578153315,1.123495597453931,1.4711176945396578,0.9173787972482823
121,2019-06-13,34.13499999999917,-117.95572893322354,68.70458333333333,67.10091787066388,1.123495597453931,1.4711176945396578,0.9173787972482823
122,2019-06-13,34.11499999999916,-118.10572893322356,68.52166666666666,66.96822458911622,1.123495597453931,1.4711176945396578,0.9173787972482823
123,2019-06-13,34.15499999999916,-118.04572893322354,68.27916666666667,67.01192635084266,1.123495597453931,1.4711176945396578,0.9173787972482823
124,2019-06-13,34.20499999999917,-118.23572893322354,67.87458333333333,66.82177658482257,1.123495597453931,1.4711176945396578,0.9173787972482823
125,2019-06-13,34.174999999999166,-118.18572893322354,66.91083333333333,66.87675049740292,1.123495597453931,1.4711176945396578,0.9173787972482823
126,2019-06-13,33.95499999999917,-118.22572893322354,66.73166666666667,66.90425994289497,1.123495597453931,1.4711176945396578,0.9173787972482823
127,2019-06-13,34.004999999999164,-118.47572893322354,65.00166666666667,66.65868897653266,1.123495597453931,1.4711176945396578,0.9173787972482823
128,2019-06-13,34.26499999999916,-118.31572893322354,68.47458333333334,66.73030249310926,1.123495597453931,1.4711176945396578,0.9173787972482823
129,2019-06-13,34.12499999999916,-118.25572893322354,68.77666666666667,66.82674172860675,1.123495597453931,1.4711176945396578,0.9173787972482823
130,2019-06-14,34.104999999999166,-118.20572893322354,65.10666666666667,64.66087196874777,1.123495597453931,1.4711176945396578,0.9173787972482823
131,2019-06-14,34.13499999999917,-117.95572893322354,65.955,64.8830040578785,1.123495597453931,1.4711176945396578,0.9173787972482823
132,2019-06-14,34.11499999999916,-118.10572893322356,65.67541666666666,64.75031077633083,1.123495597453931,1.4711176945396578,0.9173787972482823
133,2019-06-14,34.15499999999916,-118.04572893322354,65.06125,64.79401253805727,1.123495597453931,1.4711176945396578,0.9173787972482823
134,2019-06-14,34.20499999999917,-118.23572893322354,63.49875,64.60386277203719,1.123495597453931,1.4711176945396578,0.9173787972482823
135,2019-06-14,34.174999999999166,-118.18572893322354,63.01958333333334,64.65883668461753,1.123495597453931,1.4711176945396578,0.9173787972482823
136,2019-06-14,33.95499999999917,-118.22572893322354,65.43625,64.68634613010958,1.123495597453931,1.4711176945396578,0.9173787972482823
137,2019-06-14,34.004999999999164,-118.47572893322354,64.27458333333333,64.44077516374728,1.123495597453931,1.4711176945396578,0.9173787972482823
138,2019-06-14,34.26499999999916,-118.31572893322354,64.21249999999999,64.51238868032387,1.123495597453931,1.4711176945396578,0.9173787972482823
139,2019-06-14,34.12499999999916,-118.25572893322354,65.82125,64.60882791582137,1.123495597453931,1.4711176945396578,0.9173787972482823
140,2019-06-15,34.104999999999166,-118.20572893322354,65.79695652173913,65.48322654488436,1.123495597453931,1.4711176945396578,0.9173787972482823
141,2019-06-15,34.13499999999917,-117.95572893322354,66.63565217391304,65.70535863401508,1.123495597453931,1.4711176945396578,0.9173787972482823
142,2019-06-15,34.11499999999916,-118.10572893322356,66.29652173913043,65.57266535246742,1.123495597453931,1.4711176945396578,0.9173787972482823
143,2019-06-15,34.15499999999916,-118.04572893322354,65.64521739130434,65.61636711419386,1.123495597453931,1.4711176945396578,0.9173787972482823
144,2019-06-15,34.20499999999917,-118.23572893322354,64.34521739130435,65.42621734817378,1.123495597453931,1.4711176945396578,0.9173787972482823
145,2019-06-15,34.174999999999166,-118.18572893322354,63.80347826086957,65.48119126075412,1.123495597453931,1.4711176945396578,0.9173787972482823
146,2019-06-15,33.95499999999917,-118.22572893322354,66.32347826086956,65.50870070624617,1.123495597453931,1.4711176945396578,0.9173787972482823
147,2019-06-15,34.004999999999164,-118.47572893322354,65.56826086956521,65.26312973988387,1.123495597453931,1.4711176945396578,0.9173787972482823
148,2019-06-15,34.26499999999916,-118.31572893322354,64.8195652173913,65.33474325646046,1.123495597453931,1.4711176945396578,0.9173787972482823
149,2019-06-15,34.12499999999916,-118.25572893322354,66.58434782608695,65.43118249195795,1.123495597453931,1.4711176945396578,0.9173787972482823
150,2019-06-16,34.104999999999166,-118.20572893322354,65.67416666666666,65.21720473130485,1.123495597453931,1.4711176945396578,0.9173787972482823
151,2019-06-16,34.13499999999917,-117.95572893322354,66.58125,65.43933682043557,1.123495597453931,1.4711176945396578,0.9173787972482823
152,2019-06-16,34.11499999999916,-118.10572893322356,66.24249999999999,65.30664353888791,1.123495597453931,1.4711176945396578,0.9173787972482823
153,2019-06-16,34.15499999999916,-118.04572893322354,65.67958333333333,65.35034530061435,1.123495597453931,1.4711176945396578,0.9173787972482823
154,2019-06-16,34.20499999999917,-118.23572893322354,64.22583333333334,65.16019553459427,1.123495597453931,1.4711176945396578,0.9173787972482823
155,2019-06-16,34.174999999999166,-118.18572893322354,63.715833333333336,65.21516944717462,1.123495597453931,1.4711176945396578,0.9173787972482823
156,2019-06-16,33.95499999999917,-118.22572893322354,66.16916666666667,65.24267889266666,1.123495597453931,1.4711176945396578,0.9173787972482823
157,2019-06-16,34.004999999999164,-118.47572893322354,64.46458333333334,64.99710792630437,1.123495597453931,1.4711176945396578,0.9173787972482823
158,2019-06-16,34.26499999999916,-118.31572893322354,64.30416666666666,65.06872144288096,1.123495597453931,1.4711176945396578,0.9173787972482823
159,2019-06-16,34.12499999999916,-118.25572893322354,66.36291666666666,65.16516067837844,1.123495597453931,1.4711176945396578,0.9173787972482823
160,2019-06-17,34.104999999999166,-118.20572893322354,64.87375,64.59601751669297,1.123495597453931,1.4711176945396578,0.9173787972482823
161,2019-06-17,34.13499999999917,-117.95572893322354,65.6975,64.81814960582369,1.123495597453931,1.4711176945396578,0.9173787972482823
162,2019-06-17,34.11499999999916,-118.10572893322356,65.33,64.68545632427603,1.123495597453931,1.4711176945396578,0.9173787972482823
163,2019-06-17,34.15499999999916,-118.04572893322354,64.6375,64.72915808600247,1.123495597453931,1.4711176945396578,0.9173787972482823
164,2019-06-17,34.20499999999917,-118.23572893322354,63.22375,64.53900831998239,1.123495597453931,1.4711176945396578,0.9173787972482823
165,2019-06-17,34.174999999999166,-118.18572893322354,62.67791666666667,64.59398223256274,1.123495597453931,1.4711176945396578,0.9173787972482823
166,2019-06-17,33.95499999999917,-118.22572893322354,65.61166666666666,64.62149167805478,1.123495597453931,1.4711176945396578,0.9173787972482823
167,2019-06-17,34.004999999999164,-118.47572893322354,64.74708333333334,64.37592071169249,1.123495597453931,1.4711176945396578,0.9173787972482823
168,2019-06-17,34.26499999999916,-118.31572893322354,63.94625,64.44753422826908,1.123495597453931,1.4711176945396578,0.9173787972482823
169,2019-06-17,34.12499999999916,-118.25572893322354,65.6225,64.54397346376656,1.123495597453931,1.4711176945396578,0.9173787972482823
170,2019-06-18,34.104999999999166,-118.20572893322354,65.69208333333334,65.13709913769753,1.123495597453931,1.4711176945396578,0.9173787972482823
171,2019-06-18,34.13499999999917,-117.95572893322354,66.31875000000001,65.35923122682826,1.123495597453931,1.4711176945396578,0.9173787972482823
172,2019-06-18,34.11499999999916,-118.10572893322356,66.11291666666666,65.2265379452806,1.123495597453931,1.4711176945396578,0.9173787972482823
173,2019-06-18,34.15499999999916,-118.04572893322354,65.46958333333333,65.27023970700704,1.123495597453931,1.4711176945396578,0.9173787972482823
174,2019-06-18,34.20499999999917,-118.23572893322354,64.61291666666666,65.08008994098695,1.123495597453931,1.4711176945396578,0.9173787972482823
175,2019-06-18,34.174999999999166,-118.18572893322354,63.92208333333334,65.1350638535673,1.123495597453931,1.4711176945396578,0.9173787972482823
176,2019-06-18,33.95499999999917,-118.22572893322354,65.64416666666666,65.16257329905935,1.123495597453931,1.4711176945396578,0.9173787972482823
177,2019-06-18,34.004999999999164,-118.47572893322354,64.81083333333333,64.91700233269705,1.123495597453931,1.4711176945396578,0.9173787972482823
178,2019-06-18,34.26499999999916,-118.31572893322354,65.40708333333333,64.98861584927364,1.123495597453931,1.4711176945396578,0.9173787972482823
179,2019-06-18,34.12499999999916,-118.25572893322354,66.55499999999999,65.08505508477113,1.123495597453931,1.4711176945396578,0.9173787972482823
180,2019-06-19,34.104999999999166,-118.20572893322354,68.16875,67.58901694591673,1.123495597453931,1.4711176945396578,0.9173787972482823
181,2019-06-19,34.13499999999917,-117.95572893322354,69.15875,67.81114903504745,1.123495597453931,1.4711176945396578,0.9173787972482823
182,2019-06-19,34.11499999999916,-118.10572893322356,68.86708333333333,67.67845575349979,1.123495597453931,1.4711176945396578,0.9173787972482823
183,2019-06-19,34.15499999999916,-118.04572893322354,68.355,67.72215751522623,1.123495597453931,1.4711176945396578,0.9173787972482823
184,2019-06-19,34.20499999999917,-118.23572893322354,67.16875,67.53200774920614,1.123495597453931,1.4711176945396578,0.9173787972482823
185,2019-06-19,34.174999999999166,-118.18572893322354,66.55875,67.58698166178648,1.123495597453931,1.4711176945396578,0.9173787972482823
186,2019-06-19,33.95499999999917,-118.22572893322354,68.17541666666666,67.61449110727854,1.123495597453931,1.4711176945396578,0.9173787972482823
187,2019-06-19,34.004999999999164,-118.47572893322354,66.46374999999999,67.36892014091623,1.123495597453931,1.4711176945396578,0.9173787972482823
188,2019-06-19,34.26499999999916,-118.31572893322354,67.32333333333334,67.44053365749282,1.123495597453931,1.4711176945396578,0.9173787972482823
189,2019-06-19,34.12499999999916,-118.25572893322354,68.99875,67.53697289299032,1.123495597453931,1.4711176945396578,0.9173787972482823
190,2019-06-20,34.104999999999166,-118.20572893322354,65.44500000000001,65.03685655778887,1.123495597453931,1.4711176945396578,0.9173787972482823
191,2019-06-20,34.13499999999917,-117.95572893322354,66.54,65.25898864691959,1.123495597453931,1.4711176945396578,0.9173787972482823
192,2019-06-20,34.11499999999916,-118.10572893322356,66.03625,65.12629536537193,1.123495597453931,1.4711176945396578,0.9173787972482823
193,2019-06-20,34.15499999999916,-118.04572893322354,65.45708333333333,65.16999712709837,1.123495597453931,1.4711176945396578,0.9173787972482823
194,2019-06-20,34.20499999999917,-118.23572893322354,63.40916666666666,64.97984736107828,1.123495597453931,1.4711176945396578,0.9173787972482823
195,2019-06-20,34.174999999999166,-118.18572893322354,63.064166666666665,65.03482127365862,1.123495597453931,1.4711176945396578,0.9173787972482823
196,2019-06-20,33.95499999999917,-118.22572893322354,66.17625,65.06233071915068,1.123495597453931,1.4711176945396578,0.9173787972482823
197,2019-06-20,34.004999999999164,-118.47572893322354,64.845,64.81675975278837,1.123495597453931,1.4711176945396578,0.9173787972482823
198,2019-06-20,34.26499999999916,-118.31572893322354,63.70416666666667,64.88837326936496,1.123495597453931,1.4711176945396578,0.9173787972482823
199,2019-06-20,34.12499999999916,-118.25572893322354,66.0425,64.98481250486246,1.123495597453931,1.4711176945396578,0.9173787972482823
200,2019-06-21,34.104999999999166,-118.20572893322354,63.26708333333334,63.409547767834525,1.123495597453931,1.4711176945396578,0.9173787972482823
201,2019-06-21,34.13499999999917,-117.95572893322354,63.85666666666666,63.63167985696525,1.123495597453931,1.4711176945396578,0.9173787972482823
202,2019-06-21,34.11499999999916,-118.10572893322356,63.53125,63.49898657541759,1.123495597453931,1.4711176945396578,0.9173787972482823
203,2019-06-21,34.15499999999916,-118.04572893322354,62.62291666666667,63.54268833714403,1.123495597453931,1.4711176945396578,0.9173787972482823
204,2019-06-21,34.20499999999917,-118.23572893322354,60.42541666666667,63.35253857112394,1.123495597453931,1.4711176945396578,0.9173787972482823
205,2019-06-21,34.174999999999166,-118.18572893322354,60.14541666666667,63.40751248370428,1.123495597453931,1.4711176945396578,0.9173787972482823
206,2019-06-21,33.95499999999917,-118.22572893322354,65.11541666666666,63.43502192919634,1.123495597453931,1.4711176945396578,0.9173787972482823
207,2019-06-21,34.004999999999164,-118.47572893322354,64.19375000000001,63.18945096283403,1.123495597453931,1.4711176945396578,0.9173787972482823
208,2019-06-21,34.26499999999916,-118.31572893322354,60.93083333333333,63.26106447941062,1.123495597453931,1.4711176945396578,0.9173787972482823
209,2019-06-21,34.12499999999916,-118.25572893322354,63.840833333333336,63.35750371490812,1.123495597453931,1.4711176945396578,0.9173787972482823
210,2019-06-22,34.104999999999166,-118.20572893322354,65.97916666666667,65.9260146628117,1.123495597453931,1.4711176945396578,0.9173787972482823
211,2019-06-22,34.13499999999917,-117.95572893322354,65.74833333333333,66.14814675194242,1.123495597453931,1.4711176945396578,0.9173787972482823
212,2019-06-22,34.11499999999916,-118.10572893322356,66.15583333333333,66.01545347039476,1.123495597453931,1.4711176945396578,0.9173787972482823
213,2019-06-22,34.15499999999916,-118.04572893322354,64.90541666666667,66.0591552321212,1.123495597453931,1.4711176945396578,0.9173787972482823
214,2019-06-22,34.20499999999917,-118.23572893322354,64.18166666666666,65.86900546610111,1.123495597453931,1.4711176945396578,0.9173787972482823
215,2019-06-22,34.174999999999166,-118.18572893322354,63.54,65.92397937868147,1.123495597453931,1.4711176945396578,0.9173787972482823
216,2019-06-22,33.95499999999917,-118.22572893322354,66.89583333333333,65.95148882417351,1.123495597453931,1.4711176945396578,0.9173787972482823
217,2019-06-22,34.004999999999164,-118.47572893322354,65.75458333333333,65.70591785781122,1.123495597453931,1.4711176945396578,0.9173787972482823
218,2019-06-22,34.26499999999916,-118.31572893322354,65.27333333333333,65.7775313743878,1.123495597453931,1.4711176945396578,0.9173787972482823
219,2019-06-22,34.12499999999916,-118.25572893322354,66.86083333333333,65.87397060988529,1.123495597453931,1.4711176945396578,0.9173787972482823
220,2019-06-23,34.104999999999166,-118.20572893322354,67.85083333333334,67.23700210573406,1.123495597453931,1.4711176945396578,0.9173787972482823
221,2019-06-23,34.13499999999917,-117.95572893322354,68.09041666666667,67.45913419486479,1.123495597453931,1.4711176945396578,0.9173787972482823
222,2019-06-23,34.11499999999916,-118.10572893322356,68.28041666666667,67.32644091331713,1.123495597453931,1.4711176945396578,0.9173787972482823
223,2019-06-23,34.15499999999916,-118.04572893322354,67.40875,67.37014267504357,1.123495597453931,1.4711176945396578,0.9173787972482823
224,2019-06-23,34.20499999999917,-118.23572893322354,68.20208333333333,67.17999290902348,1.123495597453931,1.4711176945396578,0.9173787972482823
225,2019-06-23,34.174999999999166,-118.18572893322354,67.11791666666666,67.23496682160382,1.123495597453931,1.4711176945396578,0.9173787972482823
226,2019-06-23,33.95499999999917,-118.22572893322354,67.27166666666666,67.26247626709588,1.123495597453931,1.4711176945396578,0.9173787972482823
227,2019-06-23,34.004999999999164,-118.47572893322354,64.47041666666667,67.01690530073357,1.123495597453931,1.4711176945396578,0.9173787972482823
228,2019-06-23,34.26499999999916,-118.31572893322354,68.58333333333333,67.08851881731016,1.123495597453931,1.4711176945396578,0.9173787972482823
229,2019-06-23,34.12499999999916,-118.25572893322354,69.04583333333333,67.18495805280766,1.123495597453931,1.4711176945396578,0.9173787972482823
230,2019-06-24,34.104999999999166,-118.20572893322354,67.20666666666666,66.27606888655599,1.123495597453931,1.4711176945396578,0.9173787972482823
231,2019-06-24,34.13499999999917,-117.95572893322354,67.98833333333333,66.49820097568671,1.123495597453931,1.4711176945396578,0.9173787972482823
232,2019-06-24,34.11499999999916,-118.10572893322356,67.925,66.36550769413905,1.123495597453931,1.4711176945396578,0.9173787972482823
233,2019-06-24,34.15499999999916,-118.04572893322354,67.27458333333333,66.4092094558655,1.123495597453931,1.4711176945396578,0.9173787972482823
234,2019-06-24,34.20499999999917,-118.23572893322354,67.06583333333333,66.21905968984541,1.123495597453931,1.4711176945396578,0.9173787972482823
235,2019-06-24,34.174999999999166,-118.18572893322354,66.21124999999999,66.27403360242575,1.123495597453931,1.4711176945396578,0.9173787972482823
236,2019-06-24,33.95499999999917,-118.22572893322354,66.16125000000001,66.3015430479178,1.123495597453931,1.4711176945396578,0.9173787972482823
237,2019-06-24,34.004999999999164,-118.47572893322354,63.65958333333333,66.0559720815555,1.123495597453931,1.4711176945396578,0.9173787972482823
238,2019-06-24,34.26499999999916,-118.31572893322354,67.45708333333333,66.12758559813209,1.123495597453931,1.4711176945396578,0.9173787972482823
239,2019-06-24,34.12499999999916,-118.25572893322354,68.17999999999999,66.22402483362958,1.123495597453931,1.4711176945396578,0.9173787972482823
240,2019-06-25,34.104999999999166,-118.20572893322354,64.89166666666667,64.40730461714959,1.123495597453931,1.4711176945396578,0.9173787972482823
241,2019-06-25,34.13499999999917,-117.95572893322354,66.00833333333334,64.62943670628032,1.123495597453931,1.4711176945396578,0.9173787972482823
242,2019-06-25,34.11499999999916,-118.10572893322356,65.53083333333333,64.49674342473266,1.123495597453931,1.4711176945396578,0.9173787972482823
243,2019-06-25,34.15499999999916,-118.04572893322354,65.10416666666667,64.5404451864591,1.123495597453931,1.4711176945396578,0.9173787972482823
244,2019-06-25,34.20499999999917,-118.23572893322354,63.68416666666667,64.35029542043901,1.123495597453931,1.4711176945396578,0.9173787972482823
245,2019-06-25,34.174999999999166,-118.18572893322354,63.11000000000001,64.40526933301936,1.123495597453931,1.4711176945396578,0.9173787972482823
246,2019-06-25,33.95499999999917,-118.22572893322354,65.03166666666667,64.4327787785114,1.123495597453931,1.4711176945396578,0.9173787972482823
247,2019-06-25,34.004999999999164,-118.47572893322354,63.66,64.18720781214911,1.123495597453931,1.4711176945396578,0.9173787972482823
248,2019-06-25,34.26499999999916,-118.31572893322354,64.28916666666667,64.2588213287257,1.123495597453931,1.4711176945396578,0.9173787972482823
249,2019-06-25,34.12499999999916,-118.25572893322354,65.70833333333333,64.35526056422319,1.123495597453931,1.4711176945396578,0.9173787972482823
250,2019-06-26,34.104999999999166,-118.20572893322354,65.66541666666667,65.50481032491216,1.123495597453931,1.4711176945396578,0.9173787972482823
251,2019-06-26,34.13499999999917,-117.95572893322354,66.81791666666668,65.72694241404287,1.123495597453931,1.4711176945396578,0.9173787972482823
252,2019-06-26,34.11499999999916,-118.10572893322356,66.19208333333334,65.59424913249522,1.123495597453931,1.4711176945396578,0.9173787972482823
253,2019-06-26,34.15499999999916,-118.04572893322354,65.77875,65.63795089422165,1.123495597453931,1.4711176945396578,0.9173787972482823
254,2019-06-26,34.20499999999917,-118.23572893322354,64.28833333333334,65.44780112820158,1.123495597453931,1.4711176945396578,0.9173787972482823
255,2019-06-26,34.174999999999166,-118.18572893322354,63.70458333333334,65.50277504078191,1.123495597453931,1.4711176945396578,0.9173787972482823
256,2019-06-26,33.95499999999917,-118.22572893322354,66.39458333333333,65.53028448627397,1.123495597453931,1.4711176945396578,0.9173787972482823
257,2019-06-26,34.004999999999164,-118.47572893322354,64.22875,65.28471351991166,1.123495597453931,1.4711176945396578,0.9173787972482823
258,2019-06-26,34.26499999999916,-118.31572893322354,65.0175,65.35632703648825,1.123495597453931,1.4711176945396578,0.9173787972482823
259,2019-06-26,34.12499999999916,-118.25572893322354,66.54791666666667,65.45276627198575,1.123495597453931,1.4711176945396578,0.9173787972482823
260,2019-06-27,34.104999999999166,-118.20572893322354,67.22125,67.0455095258254,1.123495597453931,1.4711176945396578,0.9173787972482823
261,2019-06-27,34.13499999999917,-117.95572893322354,68.00041666666667,67.26764161495612,1.123495597453931,1.4711176945396578,0.9173787972482823
262,2019-06-27,34.11499999999916,-118.10572893322356,67.83958333333334,67.13494833340846,1.123495597453931,1.4711176945396578,0.9173787972482823
263,2019-06-27,34.15499999999916,-118.04572893322354,67.17375,67.1786500951349,1.123495597453931,1.4711176945396578,0.9173787972482823
264,2019-06-27,34.20499999999917,-118.23572893322354,66.62291666666667,66.98850032911481,1.123495597453931,1.4711176945396578,0.9173787972482823
265,2019-06-27,34.174999999999166,-118.18572893322354,65.81708333333333,67.04347424169517,1.123495597453931,1.4711176945396578,0.9173787972482823
266,2019-06-27,33.95499999999917,-118.22572893322354,67.81125,67.07098368718721,1.123495597453931,1.4711176945396578,0.9173787972482823
267,2019-06-27,34.004999999999164,-118.47572893322354,65.56416666666667,66.82541272082491,1.123495597453931,1.4711176945396578,0.9173787972482823
268,2019-06-27,34.26499999999916,-118.31572893322354,66.9375,66.8970262374015,1.123495597453931,1.4711176945396578,0.9173787972482823
269,2019-06-27,34.12499999999916,-118.25572893322354,68.21583333333334,66.99346547289899,1.123495597453931,1.4711176945396578,0.9173787972482823
270,2019-06-28,34.104999999999166,-118.20572893322354,69.07125,68.68342619249206,1.123495597453931,1.4711176945396578,0.9173787972482823
271,2019-06-28,34.13499999999917,-117.95572893322354,69.74916666666667,68.90555828162279,1.123495597453931,1.4711176945396578,0.9173787972482823
272,2019-06-28,34.11499999999916,-118.10572893322356,69.67583333333333,68.77286500007513,1.123495597453931,1.4711176945396578,0.9173787972482823
273,2019-06-28,34.15499999999916,-118.04572893322354,69.11125,68.81656676180157,1.123495597453931,1.4711176945396578,0.9173787972482823
274,2019-06-28,34.20499999999917,-118.23572893322354,68.81166666666667,68.62641699578148,1.123495597453931,1.4711176945396578,0.9173787972482823
275,2019-06-28,34.174999999999166,-118.18572893322354,67.93041666666666,68.68139090836182,1.123495597453931,1.4711176945396578,0.9173787972482823
276,2019-06-28,33.95499999999917,-118.22572893322354,69.09708333333333,68.70890035385388,1.123495597453931,1.4711176945396578,0.9173787972482823
277,2019-06-28,34.004999999999164,-118.47572893322354,67.30083333333333,68.46332938749157,1.123495597453931,1.4711176945396578,0.9173787972482823
278,2019-06-28,34.26499999999916,-118.31572893322354,69.02125,68.53494290406816,1.123495597453931,1.4711176945396578,0.9173787972482823
279,2019-06-28,34.12499999999916,-118.25572893322354,70.10166666666667,68.63138213956566,1.123495597453931,1.4711176945396578,0.9173787972482823
280,2019-06-29,34.104999999999166,-118.20572893322354,71.67083333333333,71.1693137495697,1.123495597453931,1.4711176945396578,0.9173787972482823
281,2019-06-29,34.13499999999917,-117.95572893322354,72.42125,71.3914458387004,1.123495597453931,1.4711176945396578,0.9173787972482823
282,2019-06-29,34.11499999999916,-118.10572893322356,72.20833333333333,71.25875255715276,1.123495597453931,1.4711176945396578,0.9173787972482823
283,2019-06-29,34.15499999999916,-118.04572893322354,72.17916666666666,71.30245431887919,1.123495597453931,1.4711176945396578,0.9173787972482823
284,2019-06-29,34.20499999999917,-118.23572893322354,72.80208333333333,71.11230455285911,1.123495597453931,1.4711176945396578,0.9173787972482823
285,2019-06-29,34.174999999999166,-118.18572893322354,71.58749999999999,71.16727846543945,1.123495597453931,1.4711176945396578,0.9173787972482823
286,2019-06-29,33.95499999999917,-118.22572893322354,71.12875,71.1947879109315,1.123495597453931,1.4711176945396578,0.9173787972482823
287,2019-06-29,34.004999999999164,-118.47572893322354,68.96833333333333,70.9492169445692,1.123495597453931,1.4711176945396578,0.9173787972482823
288,2019-06-29,34.26499999999916,-118.31572893322354,72.77333333333333,71.02083046114579,1.123495597453931,1.4711176945396578,0.9173787972482823
289,2019-06-29,34.12499999999916,-118.25572893322354,72.93833333333333,71.11726969664329,1.123495597453931,1.4711176945396578,0.9173787972482823
290,2019-06-30,34.104999999999166,-118.20572893322354,74.17041666666667,73.63153121532311,1.123495597453931,1.4711176945396578,0.9173787972482823
291,2019-06-30,34.13499999999917,-117.95572893322354,75.36958333333332,73.85366330445383,1.123495597453931,1.4711176945396578,0.9173787972482823
292,2019-06-30,34.11499999999916,-118.10572893322356,74.95875,73.72097002290617,1.123495597453931,1.4711176945396578,0.9173787972482823
293,2019-06-30,34.15499999999916,-118.04572893322354,74.89791666666666,73.76467178463261,1.123495597453931,1.4711176945396578,0.9173787972482823
294,2019-06-30,34.20499999999917,-118.23572893322354,75.18958333333333,73.57452201861253,1.123495597453931,1.4711176945396578,0.9173787972482823
295,2019-06-30,34.174999999999166,-118.18572893322354,74.06958333333334,73.62949593119288,1.123495597453931,1.4711176945396578,0.9173787972482823
296,2019-06-30,33.95499999999917,-118.22572893322354,73.39999999999999,73.65700537668492,1.123495597453931,1.4711176945396578,0.9173787972482823
297,2019-06-30,34.004999999999164,-118.47572893322354,70.72541666666666,73.41143441032263,1.123495597453931,1.4711176945396578,0.9173787972482823
298,2019-06-30,34.26499999999916,-118.31572893322354,75.49791666666667,73.48304792689922,1.123495597453931,1.4711176945396578,0.9173787972482823
299,2019-06-30,34.12499999999916,-118.25572893322354,75.4225,73.5794871623967,1.123495597453931,1.4711176945396578,0.9173787972482823
