Unnamed: 0,date,lat,lon,temperture,predicted_temperature,MAE,RMSE,RÂ²
0,2019-06-01,34.104999999999166,-118.20572893322354,60.99458333333333,61.19708333333333,0.8636880434782604,1.2049459388981838,0.9445716693401222
1,2019-06-01,34.13499999999917,-117.95572893322354,62.145,62.20791666666667,0.8636880434782604,1.2049459388981838,0.9445716693401222
2,2019-06-01,34.11499999999916,-118.10572893322356,61.51875,60.99583333333334,0.8636880434782604,1.2049459388981838,0.9445716693401222
3,2019-06-01,34.15499999999916,-118.04572893322354,60.74,58.51833333333334,0.8636880434782604,1.2049459388981838,0.9445716693401222
4,2019-06-01,34.20499999999917,-118.23572893322354,58.67625,55.43083333333333,0.8636880434782604,1.2049459388981838,0.9445716693401222
5,2019-06-01,34.174999999999166,-118.18572893322354,58.45875,61.04208333333333,0.8636880434782604,1.2049459388981838,0.9445716693401222
6,2019-06-01,33.95499999999917,-118.22572893322354,62.44375,62.55125,0.8636880434782604,1.2049459388981838,0.9445716693401222
7,2019-06-01,34.004999999999164,-118.47572893322354,60.96125,59.967083333333335,0.8636880434782604,1.2049459388981838,0.9445716693401222
8,2019-06-01,34.26499999999916,-118.31572893322354,59.24458333333333,58.885,0.8636880434782604,1.2049459388981838,0.9445716693401222
9,2019-06-01,34.12499999999916,-118.25572893322354,61.605,61.80916666666667,0.8636880434782604,1.2049459388981838,0.9445716693401222
10,2019-06-02,34.104999999999166,-118.20572893322354,61.45583333333334,61.59333333333333,0.8636880434782604,1.2049459388981838,0.9445716693401222
11,2019-06-02,34.13499999999917,-117.95572893322354,62.13916666666666,62.28416666666666,0.8636880434782604,1.2049459388981838,0.9445716693401222
12,2019-06-02,34.11499999999916,-118.10572893322356,61.81125,61.36625,0.8636880434782604,1.2049459388981838,0.9445716693401222
13,2019-06-02,34.15499999999916,-118.04572893322354,61.01458333333333,58.9625,0.8636880434782604,1.2049459388981838,0.9445716693401222
14,2019-06-02,34.20499999999917,-118.23572893322354,59.47583333333333,56.21208333333333,0.8636880434782604,1.2049459388981838,0.9445716693401222
15,2019-06-02,34.174999999999166,-118.18572893322354,59.04916666666667,61.52708333333334,0.8636880434782604,1.2049459388981838,0.9445716693401222
16,2019-06-02,33.95499999999917,-118.22572893322354,62.528333333333336,62.42875,0.8636880434782604,1.2049459388981838,0.9445716693401222
17,2019-06-02,34.004999999999164,-118.47572893322354,62.145833333333336,61.26791666666667,0.8636880434782604,1.2049459388981838,0.9445716693401222
18,2019-06-02,34.26499999999916,-118.31572893322354,60.56166666666667,60.18375,0.8636880434782604,1.2049459388981838,0.9445716693401222
19,2019-06-02,34.12499999999916,-118.25572893322354,62.28333333333333,62.35125,0.8636880434782604,1.2049459388981838,0.9445716693401222
20,2019-06-03,34.104999999999166,-118.20572893322354,62.814166666666665,62.986250000000005,0.8636880434782604,1.2049459388981838,0.9445716693401222
21,2019-06-03,34.13499999999917,-117.95572893322354,63.33083333333334,63.67625,0.8636880434782604,1.2049459388981838,0.9445716693401222
22,2019-06-03,34.11499999999916,-118.10572893322356,63.14416666666667,62.61958333333333,0.8636880434782604,1.2049459388981838,0.9445716693401222
23,2019-06-03,34.15499999999916,-118.04572893322354,62.27875,60.259166666666665,0.8636880434782604,1.2049459388981838,0.9445716693401222
24,2019-06-03,34.20499999999917,-118.23572893322354,61.24208333333333,57.99916666666667,0.8636880434782604,1.2049459388981838,0.9445716693401222
25,2019-06-03,34.174999999999166,-118.18572893322354,60.72541666666667,62.989583333333336,0.8636880434782604,1.2049459388981838,0.9445716693401222
26,2019-06-03,33.95499999999917,-118.22572893322354,63.63958333333333,63.53875,0.8636880434782604,1.2049459388981838,0.9445716693401222
27,2019-06-03,34.004999999999164,-118.47572893322354,62.6,61.69375,0.8636880434782604,1.2049459388981838,0.9445716693401222
28,2019-06-03,34.26499999999916,-118.31572893322354,62.24666666666667,61.885,0.8636880434782604,1.2049459388981838,0.9445716693401222
29,2019-06-03,34.12499999999916,-118.25572893322354,63.709583333333335,63.645,0.8636880434782604,1.2049459388981838,0.9445716693401222
30,2019-06-04,34.104999999999166,-118.20572893322354,64.26125,64.42875,0.8636880434782604,1.2049459388981838,0.9445716693401222
31,2019-06-04,34.13499999999917,-117.95572893322354,65.07916666666667,64.78,0.8636880434782604,1.2049459388981838,0.9445716693401222
32,2019-06-04,34.11499999999916,-118.10572893322356,64.56791666666666,64.08291666666666,0.8636880434782604,1.2049459388981838,0.9445716693401222
33,2019-06-04,34.15499999999916,-118.04572893322354,64.1875,62.903333333333336,0.8636880434782604,1.2049459388981838,0.9445716693401222
34,2019-06-04,34.20499999999917,-118.23572893322354,63.90958333333333,61.812916666666666,0.8636880434782604,1.2049459388981838,0.9445716693401222
35,2019-06-04,34.174999999999166,-118.18572893322354,62.995000000000005,64.65333333333334,0.8636880434782604,1.2049459388981838,0.9445716693401222
36,2019-06-04,33.95499999999917,-118.22572893322354,63.9675,63.64375,0.8636880434782604,1.2049459388981838,0.9445716693401222
37,2019-06-04,34.004999999999164,-118.47572893322354,62.779583333333335,61.872083333333336,0.8636880434782604,1.2049459388981838,0.9445716693401222
38,2019-06-04,34.26499999999916,-118.31572893322354,64.23208333333334,63.859166666666674,0.8636880434782604,1.2049459388981838,0.9445716693401222
39,2019-06-04,34.12499999999916,-118.25572893322354,65.35083333333334,65.0025,0.8636880434782604,1.2049459388981838,0.9445716693401222
40,2019-06-05,34.104999999999166,-118.20572893322354,67.05458333333333,67.25875,0.8636880434782604,1.2049459388981838,0.9445716693401222
41,2019-06-05,34.13499999999917,-117.95572893322354,67.8075,67.40916666666666,0.8636880434782604,1.2049459388981838,0.9445716693401222
42,2019-06-05,34.11499999999916,-118.10572893322356,67.575,67.34083333333334,0.8636880434782604,1.2049459388981838,0.9445716693401222
43,2019-06-05,34.15499999999916,-118.04572893322354,67.09583333333333,65.82833333333333,0.8636880434782604,1.2049459388981838,0.9445716693401222
44,2019-06-05,34.20499999999917,-118.23572893322354,67.19791666666667,66.26125,0.8636880434782604,1.2049459388981838,0.9445716693401222
45,2019-06-05,34.174999999999166,-118.18572893322354,66.05458333333333,67.56916666666667,0.8636880434782604,1.2049459388981838,0.9445716693401222
46,2019-06-05,33.95499999999917,-118.22572893322354,65.74125,65.14,0.8636880434782604,1.2049459388981838,0.9445716693401222
47,2019-06-05,34.004999999999164,-118.47572893322354,64.36416666666666,63.31208333333333,0.8636880434782604,1.2049459388981838,0.9445716693401222
48,2019-06-05,34.26499999999916,-118.31572893322354,67.56291666666667,67.21416666666666,0.8636880434782604,1.2049459388981838,0.9445716693401222
49,2019-06-05,34.12499999999916,-118.25572893322354,68.1425,67.6425,0.8636880434782604,1.2049459388981838,0.9445716693401222
50,2019-06-06,34.104999999999166,-118.20572893322354,67.59958333333334,67.84791666666666,0.8636880434782604,1.2049459388981838,0.9445716693401222
51,2019-06-06,34.13499999999917,-117.95572893322354,68.69500000000001,68.30291666666666,0.8636880434782604,1.2049459388981838,0.9445716693401222
52,2019-06-06,34.11499999999916,-118.10572893322356,68.33125,68.06125,0.8636880434782604,1.2049459388981838,0.9445716693401222
53,2019-06-06,34.15499999999916,-118.04572893322354,67.8975,66.70291666666667,0.8636880434782604,1.2049459388981838,0.9445716693401222
54,2019-06-06,34.20499999999917,-118.23572893322354,67.51583333333333,65.81041666666667,0.8636880434782604,1.2049459388981838,0.9445716693401222
55,2019-06-06,34.174999999999166,-118.18572893322354,66.63666666666667,68.11291666666666,0.8636880434782604,1.2049459388981838,0.9445716693401222
56,2019-06-06,33.95499999999917,-118.22572893322354,66.57291666666667,66.07666666666667,0.8636880434782604,1.2049459388981838,0.9445716693401222
57,2019-06-06,34.004999999999164,-118.47572893322354,64.67166666666667,63.42124999999999,0.8636880434782604,1.2049459388981838,0.9445716693401222
58,2019-06-06,34.26499999999916,-118.31572893322354,68.07916666666667,67.75458333333334,0.8636880434782604,1.2049459388981838,0.9445716693401222
59,2019-06-06,34.12499999999916,-118.25572893322354,68.61333333333333,68.14666666666666,0.8636880434782604,1.2049459388981838,0.9445716693401222
60,2019-06-07,34.104999999999166,-118.20572893322354,65.77208333333333,65.99374999999999,0.8636880434782604,1.2049459388981838,0.9445716693401222
61,2019-06-07,34.13499999999917,-117.95572893322354,66.71458333333334,66.66916666666667,0.8636880434782604,1.2049459388981838,0.9445716693401222
62,2019-06-07,34.11499999999916,-118.10572893322356,66.48166666666667,66.1775,0.8636880434782604,1.2049459388981838,0.9445716693401222
63,2019-06-07,34.15499999999916,-118.04572893322354,65.75625000000001,64.13041666666668,0.8636880434782604,1.2049459388981838,0.9445716693401222
64,2019-06-07,34.20499999999917,-118.23572893322354,64.94791666666667,61.82750000000001,0.8636880434782604,1.2049459388981838,0.9445716693401222
65,2019-06-07,34.174999999999166,-118.18572893322354,64.33708333333333,66.10541666666667,0.8636880434782604,1.2049459388981838,0.9445716693401222
66,2019-06-07,33.95499999999917,-118.22572893322354,65.56791666666668,65.29208333333334,0.8636880434782604,1.2049459388981838,0.9445716693401222
67,2019-06-07,34.004999999999164,-118.47572893322354,64.20583333333333,63.20208333333333,0.8636880434782604,1.2049459388981838,0.9445716693401222
68,2019-06-07,34.26499999999916,-118.31572893322354,65.63666666666667,65.28375,0.8636880434782604,1.2049459388981838,0.9445716693401222
69,2019-06-07,34.12499999999916,-118.25572893322354,66.63458333333334,66.42208333333333,0.8636880434782604,1.2049459388981838,0.9445716693401222
70,2019-06-08,34.104999999999166,-118.20572893322354,67.70916666666666,67.92416666666666,0.8636880434782604,1.2049459388981838,0.9445716693401222
71,2019-06-08,34.13499999999917,-117.95572893322354,68.42958333333333,68.5775,0.8636880434782604,1.2049459388981838,0.9445716693401222
72,2019-06-08,34.11499999999916,-118.10572893322356,68.33666666666666,68.00083333333333,0.8636880434782604,1.2049459388981838,0.9445716693401222
73,2019-06-08,34.15499999999916,-118.04572893322354,67.72166666666666,66.42625,0.8636880434782604,1.2049459388981838,0.9445716693401222
74,2019-06-08,34.20499999999917,-118.23572893322354,67.07166666666667,64.53833333333334,0.8636880434782604,1.2049459388981838,0.9445716693401222
75,2019-06-08,34.174999999999166,-118.18572893322354,66.36083333333333,68.0925,0.8636880434782604,1.2049459388981838,0.9445716693401222
76,2019-06-08,33.95499999999917,-118.22572893322354,67.26791666666666,66.79,0.8636880434782604,1.2049459388981838,0.9445716693401222
77,2019-06-08,34.004999999999164,-118.47572893322354,65.89708333333333,64.84416666666667,0.8636880434782604,1.2049459388981838,0.9445716693401222
78,2019-06-08,34.26499999999916,-118.31572893322354,67.37208333333334,67.00916666666667,0.8636880434782604,1.2049459388981838,0.9445716693401222
79,2019-06-08,34.12499999999916,-118.25572893322354,68.71416666666667,68.39958333333333,0.8636880434782604,1.2049459388981838,0.9445716693401222
80,2019-06-09,34.104999999999166,-118.20572893322354,73.58541666666666,73.75833333333334,0.8636880434782604,1.2049459388981838,0.9445716693401222
81,2019-06-09,34.13499999999917,-117.95572893322354,73.94791666666667,73.28375,0.8636880434782604,1.2049459388981838,0.9445716693401222
82,2019-06-09,34.11499999999916,-118.10572893322356,73.92833333333333,73.97583333333334,0.8636880434782604,1.2049459388981838,0.9445716693401222
83,2019-06-09,34.15499999999916,-118.04572893322354,73.4075,72.47791666666667,0.8636880434782604,1.2049459388981838,0.9445716693401222
84,2019-06-09,34.20499999999917,-118.23572893322354,75.71541666666667,74.01375,0.8636880434782604,1.2049459388981838,0.9445716693401222
85,2019-06-09,34.174999999999166,-118.18572893322354,74.08333333333333,74.49083333333333,0.8636880434782604,1.2049459388981838,0.9445716693401222
86,2019-06-09,33.95499999999917,-118.22572893322354,71.30791666666666,70.20791666666666,0.8636880434782604,1.2049459388981838,0.9445716693401222
87,2019-06-09,34.004999999999164,-118.47572893322354,69.32083333333334,68.045,0.8636880434782604,1.2049459388981838,0.9445716693401222
88,2019-06-09,34.26499999999916,-118.31572893322354,76.10166666666667,75.70041666666667,0.8636880434782604,1.2049459388981838,0.9445716693401222
89,2019-06-09,34.12499999999916,-118.25572893322354,75.40916666666668,74.23125,0.8636880434782604,1.2049459388981838,0.9445716693401222
90,2019-06-10,34.104999999999166,-118.20572893322354,80.01125,80.19458333333334,0.8636880434782604,1.2049459388981838,0.9445716693401222
91,2019-06-10,34.13499999999917,-117.95572893322354,80.63583333333334,79.99375,0.8636880434782604,1.2049459388981838,0.9445716693401222
92,2019-06-10,34.11499999999916,-118.10572893322356,80.45916666666666,80.46625,0.8636880434782604,1.2049459388981838,0.9445716693401222
93,2019-06-10,34.15499999999916,-118.04572893322354,80.35041666666667,79.44166666666666,0.8636880434782604,1.2049459388981838,0.9445716693401222
94,2019-06-10,34.20499999999917,-118.23572893322354,83.51125,81.43958333333333,0.8636880434782604,1.2049459388981838,0.9445716693401222
95,2019-06-10,34.174999999999166,-118.18572893322354,81.67958333333333,81.10625,0.8636880434782604,1.2049459388981838,0.9445716693401222
96,2019-06-10,33.95499999999917,-118.22572893322354,76.95708333333333,75.34541666666667,0.8636880434782604,1.2049459388981838,0.9445716693401222
97,2019-06-10,34.004999999999164,-118.47572893322354,75.28541666666666,73.13791666666667,0.8636880434782604,1.2049459388981838,0.9445716693401222
98,2019-06-10,34.26499999999916,-118.31572893322354,83.22666666666667,82.91,0.8636880434782604,1.2049459388981838,0.9445716693401222
99,2019-06-10,34.12499999999916,-118.25572893322354,81.94583333333334,80.56625,0.8636880434782604,1.2049459388981838,0.9445716693401222
100,2019-06-11,34.104999999999166,-118.20572893322354,81.03166666666667,81.21666666666667,0.8636880434782604,1.2049459388981838,0.9445716693401222
101,2019-06-11,34.13499999999917,-117.95572893322354,81.27125,80.34166666666667,0.8636880434782604,1.2049459388981838,0.9445716693401222
102,2019-06-11,34.11499999999916,-118.10572893322356,81.39708333333333,81.63583333333334,0.8636880434782604,1.2049459388981838,0.9445716693401222
103,2019-06-11,34.15499999999916,-118.04572893322354,81.59458333333333,81.38166666666667,0.8636880434782604,1.2049459388981838,0.9445716693401222
104,2019-06-11,34.20499999999917,-118.23572893322354,85.54166666666667,84.37625,0.8636880434782604,1.2049459388981838,0.9445716693401222
105,2019-06-11,34.174999999999166,-118.18572893322354,83.41625,82.34208333333333,0.8636880434782604,1.2049459388981838,0.9445716693401222
106,2019-06-11,33.95499999999917,-118.22572893322354,77.14833333333333,75.35041666666667,0.8636880434782604,1.2049459388981838,0.9445716693401222
107,2019-06-11,34.004999999999164,-118.47572893322354,74.88458333333334,73.67625,0.8636880434782604,1.2049459388981838,0.9445716693401222
108,2019-06-11,34.26499999999916,-118.31572893322354,85.67125,85.36666666666667,0.8636880434782604,1.2049459388981838,0.9445716693401222
109,2019-06-11,34.12499999999916,-118.25572893322354,83.18375,81.49208333333333,0.8636880434782604,1.2049459388981838,0.9445716693401222
110,2019-06-12,34.104999999999166,-118.20572893322354,75.42958333333333,75.5725,0.8636880434782604,1.2049459388981838,0.9445716693401222
111,2019-06-12,34.13499999999917,-117.95572893322354,75.75291666666666,75.22208333333333,0.8636880434782604,1.2049459388981838,0.9445716693401222
112,2019-06-12,34.11499999999916,-118.10572893322356,75.75125,75.61166666666666,0.8636880434782604,1.2049459388981838,0.9445716693401222
113,2019-06-12,34.15499999999916,-118.04572893322354,75.44708333333334,74.27749999999999,0.8636880434782604,1.2049459388981838,0.9445716693401222
114,2019-06-12,34.20499999999917,-118.23572893322354,77.73791666666666,76.92999999999999,0.8636880434782604,1.2049459388981838,0.9445716693401222
115,2019-06-12,34.174999999999166,-118.18572893322354,75.83583333333333,76.26541666666667,0.8636880434782604,1.2049459388981838,0.9445716693401222
116,2019-06-12,33.95499999999917,-118.22572893322354,72.68958333333333,71.76375,0.8636880434782604,1.2049459388981838,0.9445716693401222
117,2019-06-12,34.004999999999164,-118.47572893322354,70.85083333333334,69.00833333333334,0.8636880434782604,1.2049459388981838,0.9445716693401222
118,2019-06-12,34.26499999999916,-118.31572893322354,78.6425,78.295,0.8636880434782604,1.2049459388981838,0.9445716693401222
119,2019-06-12,34.12499999999916,-118.25572893322354,77.095,76.01375,0.8636880434782604,1.2049459388981838,0.9445716693401222
120,2019-06-13,34.104999999999166,-118.20572893322354,67.72125,67.99875,0.8636880434782604,1.2049459388981838,0.9445716693401222
121,2019-06-13,34.13499999999917,-117.95572893322354,68.70458333333333,68.38708333333334,0.8636880434782604,1.2049459388981838,0.9445716693401222
122,2019-06-13,34.11499999999916,-118.10572893322356,68.52166666666666,68.25125,0.8636880434782604,1.2049459388981838,0.9445716693401222
123,2019-06-13,34.15499999999916,-118.04572893322354,68.27916666666667,67.39083333333333,0.8636880434782604,1.2049459388981838,0.9445716693401222
124,2019-06-13,34.20499999999917,-118.23572893322354,67.87458333333333,66.37375,0.8636880434782604,1.2049459388981838,0.9445716693401222
125,2019-06-13,34.174999999999166,-118.18572893322354,66.91083333333333,68.31,0.8636880434782604,1.2049459388981838,0.9445716693401222
126,2019-06-13,33.95499999999917,-118.22572893322354,66.73166666666667,66.31416666666667,0.8636880434782604,1.2049459388981838,0.9445716693401222
127,2019-06-13,34.004999999999164,-118.47572893322354,65.00166666666667,63.82041666666667,0.8636880434782604,1.2049459388981838,0.9445716693401222
128,2019-06-13,34.26499999999916,-118.31572893322354,68.47458333333334,68.14375,0.8636880434782604,1.2049459388981838,0.9445716693401222
129,2019-06-13,34.12499999999916,-118.25572893322354,68.77666666666667,68.21166666666666,0.8636880434782604,1.2049459388981838,0.9445716693401222
130,2019-06-14,34.104999999999166,-118.20572893322354,65.10666666666667,65.30291666666666,0.8636880434782604,1.2049459388981838,0.9445716693401222
131,2019-06-14,34.13499999999917,-117.95572893322354,65.955,66.0725,0.8636880434782604,1.2049459388981838,0.9445716693401222
132,2019-06-14,34.11499999999916,-118.10572893322356,65.67541666666666,65.21625,0.8636880434782604,1.2049459388981838,0.9445716693401222
133,2019-06-14,34.15499999999916,-118.04572893322354,65.06125,63.209583333333335,0.8636880434782604,1.2049459388981838,0.9445716693401222
134,2019-06-14,34.20499999999917,-118.23572893322354,63.49875,60.34833333333333,0.8636880434782604,1.2049459388981838,0.9445716693401222
135,2019-06-14,34.174999999999166,-118.18572893322354,63.01958333333334,65.28291666666667,0.8636880434782604,1.2049459388981838,0.9445716693401222
136,2019-06-14,33.95499999999917,-118.22572893322354,65.43625,65.28958333333334,0.8636880434782604,1.2049459388981838,0.9445716693401222
137,2019-06-14,34.004999999999164,-118.47572893322354,64.27458333333333,63.392500000000005,0.8636880434782604,1.2049459388981838,0.9445716693401222
138,2019-06-14,34.26499999999916,-118.31572893322354,64.21249999999999,63.87833333333333,0.8636880434782604,1.2049459388981838,0.9445716693401222
139,2019-06-14,34.12499999999916,-118.25572893322354,65.82125,65.80041666666666,0.8636880434782604,1.2049459388981838,0.9445716693401222
140,2019-06-15,34.104999999999166,-118.20572893322354,65.79695652173913,65.98173913043478,0.8636880434782604,1.2049459388981838,0.9445716693401222
141,2019-06-15,34.13499999999917,-117.95572893322354,66.63565217391304,66.75652173913043,0.8636880434782604,1.2049459388981838,0.9445716693401222
142,2019-06-15,34.11499999999916,-118.10572893322356,66.29652173913043,65.76826086956522,0.8636880434782604,1.2049459388981838,0.9445716693401222
143,2019-06-15,34.15499999999916,-118.04572893322354,65.64521739130434,63.89826086956522,0.8636880434782604,1.2049459388981838,0.9445716693401222
144,2019-06-15,34.20499999999917,-118.23572893322354,64.34521739130435,61.21043478260869,0.8636880434782604,1.2049459388981838,0.9445716693401222
145,2019-06-15,34.174999999999166,-118.18572893322354,63.80347826086957,65.98,0.8636880434782604,1.2049459388981838,0.9445716693401222
146,2019-06-15,33.95499999999917,-118.22572893322354,66.32347826086956,66.11739130434783,0.8636880434782604,1.2049459388981838,0.9445716693401222
147,2019-06-15,34.004999999999164,-118.47572893322354,65.56826086956521,64.69608695652174,0.8636880434782604,1.2049459388981838,0.9445716693401222
148,2019-06-15,34.26499999999916,-118.31572893322354,64.8195652173913,64.47565217391305,0.8636880434782604,1.2049459388981838,0.9445716693401222
149,2019-06-15,34.12499999999916,-118.25572893322354,66.58434782608695,66.53478260869565,0.8636880434782604,1.2049459388981838,0.9445716693401222
150,2019-06-16,34.104999999999166,-118.20572893322354,65.67416666666666,65.90291666666667,0.8636880434782604,1.2049459388981838,0.9445716693401222
151,2019-06-16,34.13499999999917,-117.95572893322354,66.58125,66.66416666666667,0.8636880434782604,1.2049459388981838,0.9445716693401222
152,2019-06-16,34.11499999999916,-118.10572893322356,66.24249999999999,65.73458333333333,0.8636880434782604,1.2049459388981838,0.9445716693401222
153,2019-06-16,34.15499999999916,-118.04572893322354,65.67958333333333,64.26125,0.8636880434782604,1.2049459388981838,0.9445716693401222
154,2019-06-16,34.20499999999917,-118.23572893322354,64.22583333333334,61.64291666666667,0.8636880434782604,1.2049459388981838,0.9445716693401222
155,2019-06-16,34.174999999999166,-118.18572893322354,63.715833333333336,65.89041666666667,0.8636880434782604,1.2049459388981838,0.9445716693401222
156,2019-06-16,33.95499999999917,-118.22572893322354,66.16916666666667,66.12375,0.8636880434782604,1.2049459388981838,0.9445716693401222
157,2019-06-16,34.004999999999164,-118.47572893322354,64.46458333333334,63.58083333333334,0.8636880434782604,1.2049459388981838,0.9445716693401222
158,2019-06-16,34.26499999999916,-118.31572893322354,64.30416666666666,63.98458333333334,0.8636880434782604,1.2049459388981838,0.9445716693401222
159,2019-06-16,34.12499999999916,-118.25572893322354,66.36291666666666,66.32916666666667,0.8636880434782604,1.2049459388981838,0.9445716693401222
160,2019-06-17,34.104999999999166,-118.20572893322354,64.87375,65.03,0.8636880434782604,1.2049459388981838,0.9445716693401222
161,2019-06-17,34.13499999999917,-117.95572893322354,65.6975,65.81958333333334,0.8636880434782604,1.2049459388981838,0.9445716693401222
162,2019-06-17,34.11499999999916,-118.10572893322356,65.33,64.87291666666667,0.8636880434782604,1.2049459388981838,0.9445716693401222
163,2019-06-17,34.15499999999916,-118.04572893322354,64.6375,62.615,0.8636880434782604,1.2049459388981838,0.9445716693401222
164,2019-06-17,34.20499999999917,-118.23572893322354,63.22375,59.98708333333334,0.8636880434782604,1.2049459388981838,0.9445716693401222
165,2019-06-17,34.174999999999166,-118.18572893322354,62.67791666666667,64.99625,0.8636880434782604,1.2049459388981838,0.9445716693401222
166,2019-06-17,33.95499999999917,-118.22572893322354,65.61166666666666,65.62375,0.8636880434782604,1.2049459388981838,0.9445716693401222
167,2019-06-17,34.004999999999164,-118.47572893322354,64.74708333333334,63.82874999999999,0.8636880434782604,1.2049459388981838,0.9445716693401222
168,2019-06-17,34.26499999999916,-118.31572893322354,63.94625,63.58375,0.8636880434782604,1.2049459388981838,0.9445716693401222
169,2019-06-17,34.12499999999916,-118.25572893322354,65.6225,65.64833333333333,0.8636880434782604,1.2049459388981838,0.9445716693401222
170,2019-06-18,34.104999999999166,-118.20572893322354,65.69208333333334,65.85708333333334,0.8636880434782604,1.2049459388981838,0.9445716693401222
171,2019-06-18,34.13499999999917,-117.95572893322354,66.31875000000001,66.22791666666667,0.8636880434782604,1.2049459388981838,0.9445716693401222
172,2019-06-18,34.11499999999916,-118.10572893322356,66.11291666666666,65.75416666666666,0.8636880434782604,1.2049459388981838,0.9445716693401222
173,2019-06-18,34.15499999999916,-118.04572893322354,65.46958333333333,63.759166666666665,0.8636880434782604,1.2049459388981838,0.9445716693401222
174,2019-06-18,34.20499999999917,-118.23572893322354,64.61291666666666,61.68833333333333,0.8636880434782604,1.2049459388981838,0.9445716693401222
175,2019-06-18,34.174999999999166,-118.18572893322354,63.92208333333334,65.95208333333333,0.8636880434782604,1.2049459388981838,0.9445716693401222
176,2019-06-18,33.95499999999917,-118.22572893322354,65.64416666666666,65.47791666666667,0.8636880434782604,1.2049459388981838,0.9445716693401222
177,2019-06-18,34.004999999999164,-118.47572893322354,64.81083333333333,63.72,0.8636880434782604,1.2049459388981838,0.9445716693401222
178,2019-06-18,34.26499999999916,-118.31572893322354,65.40708333333333,65.05499999999999,0.8636880434782604,1.2049459388981838,0.9445716693401222
179,2019-06-18,34.12499999999916,-118.25572893322354,66.55499999999999,66.39041666666667,0.8636880434782604,1.2049459388981838,0.9445716693401222
180,2019-06-19,34.104999999999166,-118.20572893322354,68.16875,68.41291666666667,0.8636880434782604,1.2049459388981838,0.9445716693401222
181,2019-06-19,34.13499999999917,-117.95572893322354,69.15875,69.09791666666666,0.8636880434782604,1.2049459388981838,0.9445716693401222
182,2019-06-19,34.11499999999916,-118.10572893322356,68.86708333333333,68.43124999999999,0.8636880434782604,1.2049459388981838,0.9445716693401222
183,2019-06-19,34.15499999999916,-118.04572893322354,68.355,66.91041666666666,0.8636880434782604,1.2049459388981838,0.9445716693401222
184,2019-06-19,34.20499999999917,-118.23572893322354,67.16875,64.31958333333334,0.8636880434782604,1.2049459388981838,0.9445716693401222
185,2019-06-19,34.174999999999166,-118.18572893322354,66.55875,68.50166666666667,0.8636880434782604,1.2049459388981838,0.9445716693401222
186,2019-06-19,33.95499999999917,-118.22572893322354,68.17541666666666,68.03291666666667,0.8636880434782604,1.2049459388981838,0.9445716693401222
187,2019-06-19,34.004999999999164,-118.47572893322354,66.46374999999999,65.50875,0.8636880434782604,1.2049459388981838,0.9445716693401222
188,2019-06-19,34.26499999999916,-118.31572893322354,67.32333333333334,66.985,0.8636880434782604,1.2049459388981838,0.9445716693401222
189,2019-06-19,34.12499999999916,-118.25572893322354,68.99875,68.74958333333333,0.8636880434782604,1.2049459388981838,0.9445716693401222
190,2019-06-20,34.104999999999166,-118.20572893322354,65.44500000000001,65.64166666666667,0.8636880434782604,1.2049459388981838,0.9445716693401222
191,2019-06-20,34.13499999999917,-117.95572893322354,66.54,66.545,0.8636880434782604,1.2049459388981838,0.9445716693401222
192,2019-06-20,34.11499999999916,-118.10572893322356,66.03625,65.59041666666667,0.8636880434782604,1.2049459388981838,0.9445716693401222
193,2019-06-20,34.15499999999916,-118.04572893322354,65.45708333333333,63.38541666666666,0.8636880434782604,1.2049459388981838,0.9445716693401222
194,2019-06-20,34.20499999999917,-118.23572893322354,63.40916666666666,60.16,0.8636880434782604,1.2049459388981838,0.9445716693401222
195,2019-06-20,34.174999999999166,-118.18572893322354,63.064166666666665,65.5325,0.8636880434782604,1.2049459388981838,0.9445716693401222
196,2019-06-20,33.95499999999917,-118.22572893322354,66.17625,66.22416666666666,0.8636880434782604,1.2049459388981838,0.9445716693401222
197,2019-06-20,34.004999999999164,-118.47572893322354,64.845,64.49333333333333,0.8636880434782604,1.2049459388981838,0.9445716693401222
198,2019-06-20,34.26499999999916,-118.31572893322354,63.70416666666667,63.39083333333334,0.8636880434782604,1.2049459388981838,0.9445716693401222
199,2019-06-20,34.12499999999916,-118.25572893322354,66.0425,66.13583333333334,0.8636880434782604,1.2049459388981838,0.9445716693401222
200,2019-06-21,34.104999999999166,-118.20572893322354,63.26708333333334,63.376666666666665,0.8636880434782604,1.2049459388981838,0.9445716693401222
201,2019-06-21,34.13499999999917,-117.95572893322354,63.85666666666666,64.33,0.8636880434782604,1.2049459388981838,0.9445716693401222
202,2019-06-21,34.11499999999916,-118.10572893322356,63.53125,62.965,0.8636880434782604,1.2049459388981838,0.9445716693401222
203,2019-06-21,34.15499999999916,-118.04572893322354,62.62291666666667,60.4425,0.8636880434782604,1.2049459388981838,0.9445716693401222
204,2019-06-21,34.20499999999917,-118.23572893322354,60.42541666666667,57.22375,0.8636880434782604,1.2049459388981838,0.9445716693401222
205,2019-06-21,34.174999999999166,-118.18572893322354,60.14541666666667,63.13041666666667,0.8636880434782604,1.2049459388981838,0.9445716693401222
206,2019-06-21,33.95499999999917,-118.22572893322354,65.11541666666666,65.38791666666667,0.8636880434782604,1.2049459388981838,0.9445716693401222
207,2019-06-21,34.004999999999164,-118.47572893322354,64.19375000000001,63.69791666666666,0.8636880434782604,1.2049459388981838,0.9445716693401222
208,2019-06-21,34.26499999999916,-118.31572893322354,60.93083333333333,60.5875,0.8636880434782604,1.2049459388981838,0.9445716693401222
209,2019-06-21,34.12499999999916,-118.25572893322354,63.840833333333336,64.17416666666666,0.8636880434782604,1.2049459388981838,0.9445716693401222
210,2019-06-22,34.104999999999166,-118.20572893322354,65.97916666666667,66.09625,0.8636880434782604,1.2049459388981838,0.9445716693401222
211,2019-06-22,34.13499999999917,-117.95572893322354,65.74833333333333,66.63291666666667,0.8636880434782604,1.2049459388981838,0.9445716693401222
212,2019-06-22,34.11499999999916,-118.10572893322356,66.15583333333333,65.69500000000001,0.8636880434782604,1.2049459388981838,0.9445716693401222
213,2019-06-22,34.15499999999916,-118.04572893322354,64.90541666666667,63.19958333333333,0.8636880434782604,1.2049459388981838,0.9445716693401222
214,2019-06-22,34.20499999999917,-118.23572893322354,64.18166666666666,60.825,0.8636880434782604,1.2049459388981838,0.9445716693401222
215,2019-06-22,34.174999999999166,-118.18572893322354,63.54,66.05583333333333,0.8636880434782604,1.2049459388981838,0.9445716693401222
216,2019-06-22,33.95499999999917,-118.22572893322354,66.89583333333333,66.84333333333333,0.8636880434782604,1.2049459388981838,0.9445716693401222
217,2019-06-22,34.004999999999164,-118.47572893322354,65.75458333333333,65.00833333333334,0.8636880434782604,1.2049459388981838,0.9445716693401222
218,2019-06-22,34.26499999999916,-118.31572893322354,65.27333333333333,64.87541666666667,0.8636880434782604,1.2049459388981838,0.9445716693401222
219,2019-06-22,34.12499999999916,-118.25572893322354,66.86083333333333,66.82208333333334,0.8636880434782604,1.2049459388981838,0.9445716693401222
220,2019-06-23,34.104999999999166,-118.20572893322354,67.85083333333334,68.0725,0.8636880434782604,1.2049459388981838,0.9445716693401222
221,2019-06-23,34.13499999999917,-117.95572893322354,68.09041666666667,68.24249999999999,0.8636880434782604,1.2049459388981838,0.9445716693401222
222,2019-06-23,34.11499999999916,-118.10572893322356,68.28041666666667,67.84625,0.8636880434782604,1.2049459388981838,0.9445716693401222
223,2019-06-23,34.15499999999916,-118.04572893322354,67.40875,66.52208333333333,0.8636880434782604,1.2049459388981838,0.9445716693401222
224,2019-06-23,34.20499999999917,-118.23572893322354,68.20208333333333,66.39458333333333,0.8636880434782604,1.2049459388981838,0.9445716693401222
225,2019-06-23,34.174999999999166,-118.18572893322354,67.11791666666666,68.4275,0.8636880434782604,1.2049459388981838,0.9445716693401222
226,2019-06-23,33.95499999999917,-118.22572893322354,67.27166666666666,66.9775,0.8636880434782604,1.2049459388981838,0.9445716693401222
227,2019-06-23,34.004999999999164,-118.47572893322354,64.47041666666667,63.91708333333333,0.8636880434782604,1.2049459388981838,0.9445716693401222
228,2019-06-23,34.26499999999916,-118.31572893322354,68.58333333333333,68.25125,0.8636880434782604,1.2049459388981838,0.9445716693401222
229,2019-06-23,34.12499999999916,-118.25572893322354,69.04583333333333,68.39541666666666,0.8636880434782604,1.2049459388981838,0.9445716693401222
230,2019-06-24,34.104999999999166,-118.20572893322354,67.20666666666666,67.48916666666666,0.8636880434782604,1.2049459388981838,0.9445716693401222
231,2019-06-24,34.13499999999917,-117.95572893322354,67.98833333333333,67.85708333333334,0.8636880434782604,1.2049459388981838,0.9445716693401222
232,2019-06-24,34.11499999999916,-118.10572893322356,67.925,67.57208333333334,0.8636880434782604,1.2049459388981838,0.9445716693401222
233,2019-06-24,34.15499999999916,-118.04572893322354,67.27458333333333,66.50416666666666,0.8636880434782604,1.2049459388981838,0.9445716693401222
234,2019-06-24,34.20499999999917,-118.23572893322354,67.06583333333333,65.28666666666668,0.8636880434782604,1.2049459388981838,0.9445716693401222
235,2019-06-24,34.174999999999166,-118.18572893322354,66.21124999999999,67.75333333333333,0.8636880434782604,1.2049459388981838,0.9445716693401222
236,2019-06-24,33.95499999999917,-118.22572893322354,66.16125000000001,65.66791666666667,0.8636880434782604,1.2049459388981838,0.9445716693401222
237,2019-06-24,34.004999999999164,-118.47572893322354,63.65958333333333,63.422083333333326,0.8636880434782604,1.2049459388981838,0.9445716693401222
238,2019-06-24,34.26499999999916,-118.31572893322354,67.45708333333333,67.12708333333333,0.8636880434782604,1.2049459388981838,0.9445716693401222
239,2019-06-24,34.12499999999916,-118.25572893322354,68.17999999999999,67.64041666666667,0.8636880434782604,1.2049459388981838,0.9445716693401222
240,2019-06-25,34.104999999999166,-118.20572893322354,64.89166666666667,65.11749999999999,0.8636880434782604,1.2049459388981838,0.9445716693401222
241,2019-06-25,34.13499999999917,-117.95572893322354,66.00833333333334,65.92875,0.8636880434782604,1.2049459388981838,0.9445716693401222
242,2019-06-25,34.11499999999916,-118.10572893322356,65.53083333333333,65.01375,0.8636880434782604,1.2049459388981838,0.9445716693401222
243,2019-06-25,34.15499999999916,-118.04572893322354,65.10416666666667,63.46291666666667,0.8636880434782604,1.2049459388981838,0.9445716693401222
244,2019-06-25,34.20499999999917,-118.23572893322354,63.68416666666667,60.8675,0.8636880434782604,1.2049459388981838,0.9445716693401222
245,2019-06-25,34.174999999999166,-118.18572893322354,63.11000000000001,65.16208333333333,0.8636880434782604,1.2049459388981838,0.9445716693401222
246,2019-06-25,33.95499999999917,-118.22572893322354,65.03166666666667,64.78625,0.8636880434782604,1.2049459388981838,0.9445716693401222
247,2019-06-25,34.004999999999164,-118.47572893322354,63.66,63.13458333333333,0.8636880434782604,1.2049459388981838,0.9445716693401222
248,2019-06-25,34.26499999999916,-118.31572893322354,64.28916666666667,63.96083333333333,0.8636880434782604,1.2049459388981838,0.9445716693401222
249,2019-06-25,34.12499999999916,-118.25572893322354,65.70833333333333,65.53166666666667,0.8636880434782604,1.2049459388981838,0.9445716693401222
250,2019-06-26,34.104999999999166,-118.20572893322354,65.66541666666667,65.87291666666667,0.8636880434782604,1.2049459388981838,0.9445716693401222
251,2019-06-26,34.13499999999917,-117.95572893322354,66.81791666666668,66.93791666666667,0.8636880434782604,1.2049459388981838,0.9445716693401222
252,2019-06-26,34.11499999999916,-118.10572893322356,66.19208333333334,65.54166666666667,0.8636880434782604,1.2049459388981838,0.9445716693401222
253,2019-06-26,34.15499999999916,-118.04572893322354,65.77875,63.85458333333333,0.8636880434782604,1.2049459388981838,0.9445716693401222
254,2019-06-26,34.20499999999917,-118.23572893322354,64.28833333333334,61.18833333333333,0.8636880434782604,1.2049459388981838,0.9445716693401222
255,2019-06-26,34.174999999999166,-118.18572893322354,63.70458333333334,65.88875,0.8636880434782604,1.2049459388981838,0.9445716693401222
256,2019-06-26,33.95499999999917,-118.22572893322354,66.39458333333333,66.30791666666667,0.8636880434782604,1.2049459388981838,0.9445716693401222
257,2019-06-26,34.004999999999164,-118.47572893322354,64.22875,63.77916666666667,0.8636880434782604,1.2049459388981838,0.9445716693401222
258,2019-06-26,34.26499999999916,-118.31572893322354,65.0175,64.63208333333334,0.8636880434782604,1.2049459388981838,0.9445716693401222
259,2019-06-26,34.12499999999916,-118.25572893322354,66.54791666666667,66.38291666666667,0.8636880434782604,1.2049459388981838,0.9445716693401222
260,2019-06-27,34.104999999999166,-118.20572893322354,67.22125,67.4825,0.8636880434782604,1.2049459388981838,0.9445716693401222
261,2019-06-27,34.13499999999917,-117.95572893322354,68.00041666666667,68.35625,0.8636880434782604,1.2049459388981838,0.9445716693401222
262,2019-06-27,34.11499999999916,-118.10572893322356,67.83958333333334,67.2,0.8636880434782604,1.2049459388981838,0.9445716693401222
263,2019-06-27,34.15499999999916,-118.04572893322354,67.17375,66.06333333333333,0.8636880434782604,1.2049459388981838,0.9445716693401222
264,2019-06-27,34.20499999999917,-118.23572893322354,66.62291666666667,64.48125,0.8636880434782604,1.2049459388981838,0.9445716693401222
265,2019-06-27,34.174999999999166,-118.18572893322354,65.81708333333333,67.59958333333334,0.8636880434782604,1.2049459388981838,0.9445716693401222
266,2019-06-27,33.95499999999917,-118.22572893322354,67.81125,67.68333333333334,0.8636880434782604,1.2049459388981838,0.9445716693401222
267,2019-06-27,34.004999999999164,-118.47572893322354,65.56416666666667,64.38625,0.8636880434782604,1.2049459388981838,0.9445716693401222
268,2019-06-27,34.26499999999916,-118.31572893322354,66.9375,66.60041666666667,0.8636880434782604,1.2049459388981838,0.9445716693401222
269,2019-06-27,34.12499999999916,-118.25572893322354,68.21583333333334,67.87833333333333,0.8636880434782604,1.2049459388981838,0.9445716693401222
270,2019-06-28,34.104999999999166,-118.20572893322354,69.07125,69.2925,0.8636880434782604,1.2049459388981838,0.9445716693401222
271,2019-06-28,34.13499999999917,-117.95572893322354,69.74916666666667,70.22416666666666,0.8636880434782604,1.2049459388981838,0.9445716693401222
272,2019-06-28,34.11499999999916,-118.10572893322356,69.67583333333333,69.03958333333334,0.8636880434782604,1.2049459388981838,0.9445716693401222
273,2019-06-28,34.15499999999916,-118.04572893322354,69.11125,67.98083333333334,0.8636880434782604,1.2049459388981838,0.9445716693401222
274,2019-06-28,34.20499999999917,-118.23572893322354,68.81166666666667,66.49875,0.8636880434782604,1.2049459388981838,0.9445716693401222
275,2019-06-28,34.174999999999166,-118.18572893322354,67.93041666666666,69.46416666666666,0.8636880434782604,1.2049459388981838,0.9445716693401222
276,2019-06-28,33.95499999999917,-118.22572893322354,69.09708333333333,68.69458333333334,0.8636880434782604,1.2049459388981838,0.9445716693401222
277,2019-06-28,34.004999999999164,-118.47572893322354,67.30083333333333,66.24249999999999,0.8636880434782604,1.2049459388981838,0.9445716693401222
278,2019-06-28,34.26499999999916,-118.31572893322354,69.02125,68.68041666666666,0.8636880434782604,1.2049459388981838,0.9445716693401222
279,2019-06-28,34.12499999999916,-118.25572893322354,70.10166666666667,69.75,0.8636880434782604,1.2049459388981838,0.9445716693401222
280,2019-06-29,34.104999999999166,-118.20572893322354,71.67083333333333,71.87541666666667,0.8636880434782604,1.2049459388981838,0.9445716693401222
281,2019-06-29,34.13499999999917,-117.95572893322354,72.42125,72.66458333333334,0.8636880434782604,1.2049459388981838,0.9445716693401222
282,2019-06-29,34.11499999999916,-118.10572893322356,72.20833333333333,71.52291666666666,0.8636880434782604,1.2049459388981838,0.9445716693401222
283,2019-06-29,34.15499999999916,-118.04572893322354,72.17916666666666,71.2225,0.8636880434782604,1.2049459388981838,0.9445716693401222
284,2019-06-29,34.20499999999917,-118.23572893322354,72.80208333333333,70.97125,0.8636880434782604,1.2049459388981838,0.9445716693401222
285,2019-06-29,34.174999999999166,-118.18572893322354,71.58749999999999,72.27958333333333,0.8636880434782604,1.2049459388981838,0.9445716693401222
286,2019-06-29,33.95499999999917,-118.22572893322354,71.12875,70.57041666666667,0.8636880434782604,1.2049459388981838,0.9445716693401222
287,2019-06-29,34.004999999999164,-118.47572893322354,68.96833333333333,68.10916666666667,0.8636880434782604,1.2049459388981838,0.9445716693401222
288,2019-06-29,34.26499999999916,-118.31572893322354,72.77333333333333,72.52,0.8636880434782604,1.2049459388981838,0.9445716693401222
289,2019-06-29,34.12499999999916,-118.25572893322354,72.93833333333333,72.27875,0.8636880434782604,1.2049459388981838,0.9445716693401222
290,2019-06-30,34.104999999999166,-118.20572893322354,74.17041666666667,74.43958333333333,0.8636880434782604,1.2049459388981838,0.9445716693401222
291,2019-06-30,34.13499999999917,-117.95572893322354,75.36958333333332,75.42166666666667,0.8636880434782604,1.2049459388981838,0.9445716693401222
292,2019-06-30,34.11499999999916,-118.10572893322356,74.95875,74.325,0.8636880434782604,1.2049459388981838,0.9445716693401222
293,2019-06-30,34.15499999999916,-118.04572893322354,74.89791666666666,73.67708333333333,0.8636880434782604,1.2049459388981838,0.9445716693401222
294,2019-06-30,34.20499999999917,-118.23572893322354,75.18958333333333,73.12958333333334,0.8636880434782604,1.2049459388981838,0.9445716693401222
295,2019-06-30,34.174999999999166,-118.18572893322354,74.06958333333334,74.80624999999999,0.8636880434782604,1.2049459388981838,0.9445716693401222
296,2019-06-30,33.95499999999917,-118.22572893322354,73.39999999999999,72.64791666666666,0.8636880434782604,1.2049459388981838,0.9445716693401222
297,2019-06-30,34.004999999999164,-118.47572893322354,70.72541666666666,69.62708333333333,0.8636880434782604,1.2049459388981838,0.9445716693401222
298,2019-06-30,34.26499999999916,-118.31572893322354,75.49791666666667,75.22125,0.8636880434782604,1.2049459388981838,0.9445716693401222
299,2019-06-30,34.12499999999916,-118.25572893322354,75.4225,74.73583333333333,0.8636880434782604,1.2049459388981838,0.9445716693401222
